Issue ID,Category,Type,Title,Description,Severity,Priority,Status,Found Date,Resolved Date,Found By,Assigned To,Module,Resolution,Impact
QUA-001,Security,SQL Injection,Potential SQL injection vulnerability,Raw SQL queries without parameterization,Critical,Critical,Closed,2025-08-01,2025-08-01,Chirag Singhal,Chirag Singhal,Database Layer,Replaced all raw queries with prepared statements,High - Prevents data breaches
QUA-002,Security,Authentication,Weak password policy,Password requirements not enforced,High,High,Closed,2025-08-01,2025-08-01,Chirag Singhal,Chirag Singhal,Authentication,Implemented strong password validation with regex,Medium - Improves account security
QUA-003,Security,Session Management,Session fixation vulnerability,Session ID not regenerated after login,Medium,High,Closed,2025-08-01,2025-08-01,Chirag Singhal,Chirag Singhal,Security Config,Configured session fixation protection in Spring Security,Medium - Prevents session attacks
QUA-004,Security,Headers,Missing security headers,Security headers not configured,Medium,Medium,Closed,2025-08-02,2025-08-02,Chirag Singhal,Chirag Singhal,Security Config,Added comprehensive security headers configuration,Medium - Improves browser security
QUA-005,Security,CSRF,CSRF protection not enabled,Cross-site request forgery protection missing,High,High,Closed,2025-08-02,2025-08-02,Chirag Singhal,Chirag Singhal,Security Config,Enabled CSRF protection for form submissions,High - Prevents CSRF attacks
QUA-006,Code Quality,Architecture,Tight coupling between layers,Direct database access from controllers,Medium,Medium,Closed,2025-08-01,2025-08-01,Chirag Singhal,Chirag Singhal,Architecture,Implemented proper layered architecture with services,Medium - Improves maintainability
QUA-007,Code Quality,Exception Handling,Inconsistent error handling,Different exception handling patterns,Low,Medium,Closed,2025-08-02,2025-08-02,Chirag Singhal,Chirag Singhal,Error Handling,Standardized exception handling with global handlers,Low - Improves code consistency
QUA-008,Code Quality,Validation,Missing input validation,Some endpoints lack proper validation,High,High,Closed,2025-08-02,2025-08-02,Chirag Singhal,Chirag Singhal,Validation,Added comprehensive validation annotations,High - Prevents invalid data
QUA-009,Code Quality,Documentation,Missing method documentation,Some methods lack proper Javadoc,Low,Low,Closed,2025-08-03,2025-08-03,Chirag Singhal,Chirag Singhal,Documentation,Added comprehensive Javadoc comments,Low - Improves code readability
QUA-010,Code Quality,Constants,Magic numbers in code,Hard-coded values without constants,Low,Low,Closed,2025-08-03,2025-08-03,Chirag Singhal,Chirag Singhal,Code Quality,Replaced magic numbers with named constants,Low - Improves code maintainability
QUA-011,Performance,Database,Missing database indexes,Queries without proper indexing,Medium,Medium,Closed,2025-08-02,2025-08-02,Chirag Singhal,Chirag Singhal,Database,Added indexes on frequently queried columns,Medium - Improves query performance
QUA-012,Performance,Connection Pool,Suboptimal connection pool settings,Default connection pool configuration,Low,Medium,Closed,2025-08-02,2025-08-02,Chirag Singhal,Chirag Singhal,Database Config,Optimized HikariCP connection pool settings,Low - Improves resource utilization
QUA-013,Usability,UI,Inconsistent error messages,Different error message formats,Low,Low,Closed,2025-08-03,2025-08-03,Chirag Singhal,Chirag Singhal,Frontend,Standardized error message display,Low - Improves user experience
QUA-014,Usability,Navigation,Missing breadcrumbs,No navigation breadcrumbs in admin panel,Low,Low,Open,2025-08-03,,Chirag Singhal,Chirag Singhal,Admin UI,Future enhancement,Low - Would improve navigation
QUA-015,Maintainability,Testing,Limited test coverage,Unit tests not comprehensive,Medium,Medium,Open,2025-08-03,,Chirag Singhal,Chirag Singhal,Testing,Future enhancement - add more unit tests,Medium - Would improve code reliability
